"0","# your code goes below (make sure to edit comment)
  for (i in 1 :25) {
    cipher(""oldp"",i)
  }  
"
"1","[1]"
"1"," 15"
"1"," 12"
"1","  4"
"1"," 16"
"1","
"
"1","[1]"
"1"," ""p"""
"1"," ""m"""
"1"," ""e"""
"1"," ""q"""
"1","
"
"1","[1]"
"1"," 15"
"1"," 12"
"1","  4"
"1"," 16"
"1","
"
"1","[1]"
"1"," ""q"""
"1"," ""n"""
"1"," ""f"""
"1"," ""r"""
"1","
"
"1","[1]"
"1"," 15"
"1"," 12"
"1","  4"
"1"," 16"
"1","
"
"1","[1]"
"1"," ""r"""
"1"," ""o"""
"1"," ""g"""
"1"," ""s"""
"1","
"
"1","[1]"
"1"," 15"
"1"," 12"
"1","  4"
"1"," 16"
"1","
"
"1","[1]"
"1"," ""s"""
"1"," ""p"""
"1"," ""h"""
"1"," ""t"""
"1","
"
"1","[1]"
"1"," 15"
"1"," 12"
"1","  4"
"1"," 16"
"1","
"
"1","[1]"
"1"," ""t"""
"1"," ""q"""
"1"," ""i"""
"1"," ""u"""
"1","
"
"1","[1]"
"1"," 15"
"1"," 12"
"1","  4"
"1"," 16"
"1","
"
"1","[1]"
"1"," ""u"""
"1"," ""r"""
"1"," ""j"""
"1"," ""v"""
"1","
"
"1","[1]"
"1"," 15"
"1"," 12"
"1","  4"
"1"," 16"
"1","
"
"1","[1]"
"1"," ""v"""
"1"," ""s"""
"1"," ""k"""
"1"," ""w"""
"1","
"
"1","[1]"
"1"," 15"
"1"," 12"
"1","  4"
"1"," 16"
"1","
"
"1","[1]"
"1"," ""w"""
"1"," ""t"""
"1"," ""l"""
"1"," ""x"""
"1","
"
"1","[1]"
"1"," 15"
"1"," 12"
"1","  4"
"1"," 16"
"1","
"
"1","[1]"
"1"," ""x"""
"1"," ""u"""
"1"," ""m"""
"1"," ""y"""
"1","
"
"1","[1]"
"1"," 15"
"1"," 12"
"1","  4"
"1"," 16"
"1","
"
"1","[1]"
"1"," ""y"""
"1"," ""v"""
"1"," ""n"""
"1"," ""z"""
"1","
"
"1","[1]"
"1"," 15"
"1"," 12"
"1","  4"
"1"," 16"
"1","
"
"1","[1]"
"1"," ""z"""
"1"," ""w"""
"1"," ""o"""
"1"," ""a"""
"1","
"
"1","[1]"
"1"," 15"
"1"," 12"
"1","  4"
"1"," 16"
"1","
"
"1","[1]"
"1"," ""a"""
"1"," ""x"""
"1"," ""p"""
"1"," ""b"""
"1","
"
"1","[1]"
"1"," 15"
"1"," 12"
"1","  4"
"1"," 16"
"1","
"
"1","[1]"
"1"," ""b"""
"1"," ""y"""
"1"," ""q"""
"1"," ""c"""
"1","
"
"1","[1]"
"1"," 15"
"1"," 12"
"1","  4"
"1"," 16"
"1","
"
"1","[1]"
"1"," ""c"""
"1"," ""z"""
"1"," ""r"""
"1"," ""d"""
"1","
"
"1","[1]"
"1"," 15"
"1"," 12"
"1","  4"
"1"," 16"
"1","
"
"1","[1]"
"1"," ""d"""
"1"," ""a"""
"1"," ""s"""
"1"," ""e"""
"1","
"
"1","[1]"
"1"," 15"
"1"," 12"
"1","  4"
"1"," 16"
"1","
"
"1","[1]"
"1"," ""e"""
"1"," ""b"""
"1"," ""t"""
"1"," ""f"""
"1","
"
"1","[1]"
"1"," 15"
"1"," 12"
"1","  4"
"1"," 16"
"1","
"
"1","[1]"
"1"," ""f"""
"1"," ""c"""
"1"," ""u"""
"1"," ""g"""
"1","
"
"1","[1]"
"1"," 15"
"1"," 12"
"1","  4"
"1"," 16"
"1","
"
"1","[1]"
"1"," ""g"""
"1"," ""d"""
"1"," ""v"""
"1"," ""h"""
"1","
"
"1","[1]"
"1"," 15"
"1"," 12"
"1","  4"
"1"," 16"
"1","
"
"1","[1]"
"1"," ""h"""
"1"," ""e"""
"1"," ""w"""
"1"," ""i"""
"1","
"
"1","[1]"
"1"," 15"
"1"," 12"
"1","  4"
"1"," 16"
"1","
"
"1","[1]"
"1"," ""i"""
"1"," ""f"""
"1"," ""x"""
"1"," ""j"""
"1","
"
"1","[1]"
"1"," 15"
"1"," 12"
"1","  4"
"1"," 16"
"1","
"
"1","[1]"
"1"," ""j"""
"1"," ""g"""
"1"," ""y"""
"1"," ""k"""
"1","
"
"1","[1]"
"1"," 15"
"1"," 12"
"1","  4"
"1"," 16"
"1","
"
"1","[1]"
"1"," ""k"""
"1"," ""h"""
"1"," ""z"""
"1"," ""l"""
"1","
"
"1","[1]"
"1"," 15"
"1"," 12"
"1","  4"
"1"," 16"
"1","
"
"1","[1]"
"1"," ""l"""
"1"," ""i"""
"1"," ""a"""
"1"," ""m"""
"1","
"
"1","[1]"
"1"," 15"
"1"," 12"
"1","  4"
"1"," 16"
"1","
"
"1","[1]"
"1"," ""m"""
"1"," ""j"""
"1"," ""b"""
"1"," ""n"""
"1","
"
"1","[1]"
"1"," 15"
"1"," 12"
"1","  4"
"1"," 16"
"1","
"
"1","[1]"
"1"," ""n"""
"1"," ""k"""
"1"," ""c"""
"1"," ""o"""
"1","
"
